Data Types,Potential Uses,File Extensions,Uses,File Formats
Python code (text data),"Refactor Python code, add command line interfaces to scripts, test Python code",.py,,
Numerical data,"Transform spatial data, manipulate images or graphics, prepare data for machine learning models",".jpg, .png, .bmp",,
"Network data, Text data (HTTP requests and responses)","Scrape data from websites, create a RESTful API, create a real-time notification system",".json, .xml, .txt",,
Network data,"Build real-time applications, manage signals in distributed systems, enhance performance of web applications",No specific file types,,
Event data,"Track user behavior in an application, analyze customer data, build marketing funnels",".json, .csv",,
Network data,"Build asynchronous networking applications, enhance performance of IO-bound applications, create real-time applications",".json, .xml, .txt",,
"Structured data, Tree data","Implement decision trees, analyze hierarchical data, implement tree-based algorithms",".json, .xml",,
Command-line interface data,"Build a command-line application, enhance user experience of command-line tools, automate tasks",.py,,
"Cryptographic data, Password data","Implement secure password storage, enhance security in web applications, analyze cryptographic security",No specific file types,,
"Cryptographic data, Password data","Implement secure password storage, enhance security in web applications, analyze cryptographic security",No specific file types,,
"Statistical data, Numerical data","Perform statistical analysis, visualize Bayesian models, interpret machine learning models",".csv, .txt, .xlsx",,
Python code (text data),"Analyze Python code, create code linters, build tools for code refactoring",.py,,
Network data,"Improve performance of IO-bound applications, build real-time applications, manage network requests",".json, .xml, .txt",,
Python code (text data),"Simplify Python code, enhance readability of code, build data classes",.py,,
Audio data,"Analyze audio data, build a music player, create a speech recognition system",".mp3, .wav, .flac",,
"Text data, Language data","Internationalize a Python application, analyze language data, build a multi-language application",".po, .mo",,
Python code (text data),"Build event-driven applications, enhance performance of applications, create callback systems",.py,,
Network data,"Improve reliability of network applications, build resilient systems, scrape data from unreliable sources",".json, .xml, .txt",,
Time data,"Convert time data, build a world clock, analyze time-series data",.tz,,
"Geospatial data, Numerical data","Visualize geospatial data, analyze climate data, build a map-based visualization",".shp, .dbf, .shx",,
"Geospatial data, Numerical data","Visualize geospatial data, analyze climate data, build a map-based visualization",".shp, .dbf, .shx",,
"Cryptographic data, Password data","Implement secure password storage, enhance security in web applications, analyze cryptographic security",No specific file types,,
Text data (HTML/XML),"Scrape data from websites, analyze HTML/XML data, build a web crawler",".html, .xml",,
Text data,"Sanitize user input in a web application, analyze text data, build a comment system",.txt,,
Event data,"Build event-driven applications, create a system of signals and slots, analyze event data",No specific file types,,
Numerical data,"Perform linear algebra computations, prepare data for machine learning models, analyze numerical data",".csv, .txt, .xlsx",,
"Numerical data, Categorical data","Visualize data in interactive plots, analyze numerical data, build a dashboard",".csv, .txt, .xlsx",,
Geospatial data,"Visualize geospatial data, analyze location-based data, build an interactive map",".json, .geojson",,
Binary data,"Compress data, analyze binary data, build a file storage system",.br,,
Any type of cacheable data,"Improve performance of data-intensive applications, analyze cache data, build a caching system",No specific file types,,
Vector graphics data,"Create and manipulate vector graphics, create data visualizations",".svg, .png, .pdf",,
SVG files (text data),"Convert SVG to other formats, such as PNG or PDF",.svg,,
PDF files,"Extract tables from PDF files, perform data analysis on extracted data",.pdf,,
Python code (text data),"Create flexible function calls, refactor Python code, build extensible Python applications",.py,,
Network data (SSL certificates),"Secure network communication, build secure web applications",.pem,,
C code (text data),"Call C code from Python, build Python interfaces to C libraries",".c, .h",,
Text data,"Detect character encodings, build text processing applications",".txt, .csv, .json",,
Text data,"Normalize text data, perform text data preprocessing",".txt, .csv, .json",,
Python code (text data),"Build command-line applications, extend existing click applications",.py,,
Command-line interface data,"Build command-line applications, automate command-line tasks",.py,,
GeoJSON data,"Process GeoJSON data, build geospatial applications",.geojson,,
Any Python objects,"Serialize Python objects, build distributed Python applications",.pkl,,
Language data,"Analyze language data, build speech synthesis applications",.dict,,
Any type of data that can be sent between processes,"Enable inter-process communication, build distributed applications",No specific file types,,
Text data,"Process compressed RTF data, build text processing applications",.rtf,,
Geospatial and text data,"Retrieve country information, build geospatial applications",".json, .csv",,
Cryptographic data,"Secure data, build secure applications",".key, .pem, .cert",,
HTML/CSS data (text data),"Parse CSS selectors, build web scraping applications",".css, .html",,
Graphical data,"Cycle over styles in plots, build data visualizations",".png, .jpg, .svg",,
Any type of data that can be stored in memory,"Manage and recycle memory, build high-performance Cython applications",No specific file types,,
Any type of data that can be sent between processes,"Enable inter-process communication, build distributed applications",No specific file types,,
Python code (text data),"Debug Python code, build Python development tools",.py,,
Python code (text data),"Use Python decorators, refactor Python code",.py,,
XML data (text data),"Parse XML data, build secure XML processing applications",.xml,,
Python code (text data),"Handle deprecation warnings, maintain Python code",.py,,
Any Python objects,"Serialize Python objects, build distributed Python applications",.pkl,,
System data,"Retrieve OS version information, build system administration tools",.txt,,
Numerical and image data,"Perform machine learning and data analysis, build machine learning applications",".jpg, .png, .bmp",,
Network data,"Perform DNS operations, build network applications",No specific file types,,
Text data,"Extract text from docx files, build text processing applications",.docx,,
EBCDIC data (text data),"Encode and decode EBCDIC data, convert between different character encodings",".txt, .dat",,
EPUB and Kindle files (ebook data),"Manage and manipulate ebooks, build ebook processing applications",".epub, .mobi",,
Tensors (numerical data),"Manipulate tensors, build deep learning models",No specific file types,,
Email addresses (text data),"Validate email addresses, build email processing applications",".txt, .csv, .json",,
Python packages (Python code),"Manage Python entry points, build plugin systems",.py,,
XML files (text data),"Create large XML files, build XML processing applications",.xml,,
Python exceptions (Python code),"Handle grouped exceptions, build error handling systems",.py,,
Trading calendar data (numerical and date/time data),"Manage trading calendars, build financial applications",".csv, .xlsx",,
Python code,"Analyze Python code execution, build Python debugging tools",.py,,
.msg files (email data),"Extract data from .msg files, build email processing applications",.msg,,
"Any kind of data that can be faked, such as names, addresses, and text","Generate fake data, build data anonymization tools",".txt, .csv, .json",,
Web API data (text data),"Build web APIs, build web applications",.py,,
JSON data (text data),"Compile JSON schemas, build JSON processing applications",.json,,
Progress data (numerical data),"Manage progress data, build user interfaces",No specific file types,,
"Multimedia data, such as audio and video files","Process multimedia data, build multimedia applications",".mp4, .avi, .mkv, .mp3, .flac",,
"Multimedia data, such as audio and video files","Process multimedia data, build multimedia applications",".mp4, .avi, .mkv, .mp3, .flac",,
File data,"Lock files, build file processing applications",Any file type,,
Geographic data files (geospatial data),"Process geographic data, build geospatial applications",".shp, .geojson, .gpx",,
URLs of static files (text data),"Manage cache-busting for static files, build web applications",".css, .js, .png, .jpg, .svg",,
Web API data (text data),"Handle CORS for web APIs, build web applications",.py,,
User session data (various types),"Manage user sessions, build web applications",.py,,
Web application data (text data),"Build web applications, build web APIs",.py,,
Geographic data (geospatial data),"Visualize geographic data, build geospatial applications",.html,,
Font files,"Manipulate font files, build typography applications",".ttf, .otf, .woff",,
PDF files,"Create PDF files, build document processing applications",.pdf,,
List data (various types),"Manipulate immutable lists, build data processing applications",No specific file types,,
Python code,"Adapt Python 2.x idioms to Python 3 and vice versa, build Python applications",.py,,
Text data,"Perform fuzzy string matching, build text processing applications",".txt, .csv, .json",,
"Text data for topic modelling, document indexing, and similarity retrieval","Perform topic modelling, document indexing, and similarity retrieval, build text processing applications",".txt, .csv, .json",,
Geographic data (geospatial data),"Perform geographic computations, build geospatial applications",".shp, .geojson, .gpx",,
"Geospatial data (geographic coordinates, map data)","Perform geospatial analysis, create geospatial visualizations, manipulate geospatial data",".shp, .geojson, .gpx",,
"Geographic location data (addresses, city names, landmarks)","Perform geocoding and reverse geocoding, calculate distances between locations",".txt, .csv",,
Machine learning models and associated data,"Create UI components for machine learning models, visualize model predictions",No specific file types,,
"Graph data (nodes, edges)",Create and manipulate graph visualizations,".dot, .gv",,
Text data,"Convert text into speech, create speech files",".mp3, .wav",,
"HTTP/1.1 protocol data (HTTP requests, responses)","Create and parse HTTP/1.1 protocol data, build HTTP clients and servers",No specific file types,,
"HTTP/2 protocol data (HTTP requests, responses)","Create and parse HTTP/2 protocol data, build HTTP clients and servers",No specific file types,,
NetCDF4 files (scientific data),"Create and manipulate netCDF4 files, perform scientific data analysis",.nc,,
HDF5 files (hierarchical data),"Create and manipulate HDF5 files, perform hierarchical data analysis",".h5, .hdf5",,
HTTP/2 protocol data (HTTP headers),"Encode and decode HTTP/2 headers, build HTTP/2 clients and servers",No specific file types,,
HTML documents,"Parse HTML documents, extract information from HTML",".html, .htm",,
"HTTP protocol data (HTTP requests, responses)","Create and parse HTTP requests and responses, build HTTP clients and servers",No specific file types,,
"HTTP protocol data (HTTP requests, responses)","Parse HTTP protocol data, build HTTP clients and servers",No specific file types,,
"HTTP protocol data (HTTP requests, responses)","Send HTTP requests, parse HTTP responses, build HTTP clients",No specific file types,,
"ASGI applications (web applications, HTTP requests, responses, WebSocket data)","Serve ASGI applications, handle HTTP and WebSocket connections",No specific file types,,
HTTP/2 protocol data (HTTP frames),"Encode and decode HTTP/2 frames, build HTTP/2 clients and servers",No specific file types,,
Domain names,Encode and decode internationalized domain names,No specific file types,,
Video files (multimedia data),"Convert videos to different formats, extract frames from videos",".mp4, .avi, .mkv, .mp3, .flac",,
"Image files, video files, volumetric data (multimedia data)","Read and write image files, perform image processing",".jpg, .png, .gif, .bmp, .tiff, .mp4, .avi, .mkv",,
Email data (IMAP protocol data),"Connect to IMAP servers, manage email data",".eml, .msg",,
HTML documents,"Convert HTML to images, create screenshots of webpages",".jpg, .png",,
Python package metadata,Access metadata for Python packages,No specific file types,,
Files within Python packages,Read files within Python packages,Any file type,,
INI-style files (configuration data),"Parse INI-style files, manage configuration data",.ini,,
"Jupyter notebooks, Python code",Execute Python code in Jupyter notebooks,.ipynb,,
"Python code, Jupyter notebook data",Perform various utility functions for IPython and Jupyter,.ipynb,,
Python code,Execute Python code interactively,.py,,
Date/time/duration data,Parse and format ISO 8601 date/time/duration data,".txt, .csv",,
"JSON Web Signatures (JWS), JSON Web Tokens (JWT)",Encode and decode JSON Web Signatures and JSON Web Tokens,".jws, .jwt",,
"Python+NumPy programs (numerical data, Python code)","Perform transformations of Python+NumPy programs, build machine learning models",.py,,
Python code,"Static analysis of Python code, autocomplete suggestions, function signature help, finding definitions and references of Python objects",,,
"Text data (typically used for creating HTML, XML, or other markup formats)","Rendering of text templates, especially HTML/XML templates",,,
Any data types (used for creating pipelines),"Creating pipelines for machine learning or data processing, caching function results, parallel processing",,,
JSON data,"Parsing and generating JSON5 data, handling comments and additional JavaScript-style syntax",,,
Complex Python objects,Serializing and deserializing complex Python objects to and from JSON,,,
JSON Schema definitions,Validating JSON data against JSON Schema definitions,,,
JSON data,Validating JSON data against JSON Schema,,,
"Jupyter notebooks, Python code","Communicating with Jupyter kernels, executing Jupyter notebooks",,,
"Jupyter notebooks, Python code",Providing common infrastructure for Jupyter projects,,,
"Jupyter notebooks, Python code","Serving Jupyter notebooks, managing Jupyter server extensions",,,
"Python code, text data",Syntax highlighting for JupyterLab using Pygments,,,
"Jupyter notebooks, Python code",Providing server components for JupyterLab and similar applications,,,
"Jupyter notebooks, Python code","Interactive development environment for Jupyter notebooks, code, and data",,,
Numerical data (for machine learning),"Creating and training machine learning models, especially deep learning models",,,
Astrological data,"Astrological calculations, including zodiacal positions of planets, houses, and aspects",,,
Numerical data (used for constraint-based layout),"Constraint-based layout, solving systems of linear equations",,,
Date/time data,Converting between Korean lunar calendar and Gregorian calendar,,,
Audio data,"Music and audio analysis, including beat tracking, music segmentation, and feature extraction",,,
LLVM IR code,"Writing JIT compilers, compiling LLVM IR code to machine code",,,
Text data (log messages),"Logging, including handling log messages and providing log levels",,,
XML/HTML data,"Parsing and generating XML/HTML data, querying XML/HTML data with XPath",,,
Markdown text,Converting Markdown text to HTML,,,
HTML data,Converting HTML to Markdown text,,,
XML/HTML/XHTML data,Escaping and unescaping XML/HTML/XHTML data,,,
Numerical data (for plotting),Inline plotting in Jupyter notebooks using matplotlib,,,
Numerical data (for creating Venn diagrams),Creating Venn diagrams using matplotlib,,,
Numerical data (for plotting),"Creating static, animated, and interactive visualizations in Python",,,
Markdown text,Parsing and rendering Markdown text,,,
Numerical data (for plotting),"Creating scales for plotnine, which can be used for creating various kinds of visualizations",,,
"MEG, EEG, sEEG, ECoG, and fNIRS data","Processing, analyzing, and visualizing MEG, EEG, sEEG, ECoG, and fNIRS data",,,
Time data,Provides a reliable timestamp for events or logs in long-running processes,,,
Video and audio data,"Edit videos programmatically, create animations, or develop machine learning models for video processing",,,
Numerical data,"Enables high-precision calculations and mathematical research, or the development of algorithms that require high-precision arithmetic",,,
Image data,"Build face detection applications, such as automatic tagging of people in images",,,
Any data type that can be used as a dictionary key in Python,"Store multiple values for each key, which can be useful in applications like HTTP headers or in data preprocessing where one key can have multiple associated values",,,
Data that can be converted to bytes,"Create probabilistic data structures like Bloom filters or Count-Min sketches, which are used to test whether an element is a member of a set",,,
Python code,"Used in software development processes to catch type errors before runtime, improving code reliability",,,
Python code,"Further customize the functionality of mypy, enhancing its type checking capabilities",,,
List-like data structures containing any data type that can be compared in Python,Used for natural order sorting in applications where the standard sorting algorithms provided by Python are not sufficient,,,
Jupyter Notebook files,"Convert Jupyter Notebooks to various other formats, which is useful for sharing code and results in a more accessible format",,,
Jupyter Notebook files,"Create, read, and write Jupyter Notebooks programmatically, which is useful for automated report generation or testing",,,
Python asyncio tasks,"Write asynchronous code with nested event loops, which is useful for developing complex concurrent applications",,,
Scientific data in netCDF format,"Read and write netCDF files, enabling the processing and analysis of scientific data",,,
Graph-like data structures (nodes and edges),"Create, manipulate, and study the structure and functions of complex networks, which is useful in fields like social network analysis or routing algorithms",,,
Neuroimaging data in various formats,"Read and write neuroimaging data, enabling the analysis and visualization of brain images",,,
Human language data,"Used for a wide range of natural language processing tasks, including text classification, tokenization, stemming, tagging, parsing, and semantic reasoning",,,
Python unittest test cases,"Provides a number of helpful features for writing and running tests, such as test generators and output capture",,,
Jupyter Notebook files,"Create and share documents that contain live code, equations, visualizations, and narrative text",,,
"Python code that uses NumPy arrays and functions, as well as loops","Significantly speed up Python code, particularly numerical computations, by just-in-time compilation",,,
"Large numerical expressions, especially those including large arrays",Evaluate complex expressions involving large arrays quickly and efficiently,,,
Numerical data in the form of N-dimensional array objects,"Used for a wide range of numerical computations, including linear algebra, Fourier transform, and random number capabilities",,,
OAuth request-signing logic,"Implement OAuth in Python applications, ensuring secure access to resources",,,
"Microsoft OLE2 files (Structured Storage or Compound Document, Microsoft Office)","Parse, read, and write Microsoft OLE2 files, such as Microsoft Office files",,,
Image and video data,"Used for a wide range of computer vision tasks, including image and video processing, face detection, and object detection",,,
Image and video data in environments without a display,"Provides the same functionality as opencv-python, but without any GUI features, making it suitable for use in headless environments",,,
Excel 2010 xlsx/xlsm/xltx/xltm files,"Read and write Excel 2010 files, enabling data analysis and manipulation directly in Python",,,
Python packages,Handle version and specification management for Python packages,,,
"Structured data (e.g., CSV, Excel files) and time series data",Provides data structures and data analysis tools that make working with structured data easy and intuitive,,,
Google BigQuery data,Read and write data to Google BigQuery from pandas DataFrames,,,
JSON serialization of the Pandoc AST,Create custom transformations of the content in Pandoc files,,,
Textual data,Parse and filter text data,Text files,,
Network data,"Perform SSH operations, handle remote servers",No specific file format,,
Textual data,"Parse Python code, modify and analyze syntax trees",Python files,,
File and directory paths,Handle file and directory paths in a smart and convenient way,Any file type,,
Numerical and categorical data,Describe statistical models and build design matrices,No specific file format,,
"PDF files, image data",Convert PDF files to images,"PDF, PNG, JPEG",,
"HTML, CSS, JavaScript, and other web-based data",Convert HTML to PDF,"HTML, CSS, JavaScript, PDF",,
PDF files,"Extract text, images, and metadata from PDF files",PDF,,
PDF files,"Extract text, tables, and metadata from PDF files",PDF,,
PDF files,Read and write PDF files,PDF,,
Shell command outputs,Automate interactive applications,No specific file format,,
Python objects,Small 'shelve'-like database with additional features,Pickle files,,
Image data,"Handle operations like displaying, saving, combining, and modifying images","PNG, JPEG, TIFF, BMP, GIF, and more",,
Python packages metadata,Install and manage Python packages,No specific file format,,
Python packages metadata,Resolve package names and versions,No specific file format,,
File and directory paths,Provide directory paths on multiple platforms,Any file type,,
Numerical and categorical data,Create interactive plots and dashboards,"HTML, JSON",,
Numerical and categorical data,Create complex plots using a grammar of graphics,"PNG, JPEG, SVG, PDF",,
Python objects,Build plugin systems,No specific file format,,
"File paths, URLs",Manage and download sample data files,Any file type,,
Textual data,Efficiently hash objects,No specific file format,,
Numerical data,Manage priorities in your Python programs,No specific file format,,
Log data,Handle logs in your programs,Log files,,
Metrics data,Export metrics from your applications to a Prometheus server,No specific file format,,
User input data,Build powerful interactive command-line and terminal applications,No specific file format,,
Textual data,Work with pronouncing dictionaries,Text files,,
System information,Retrieve information on running processes and system utilization,No specific file format,,
Shell command outputs,Run a subprocess in a pseudo terminal,No specific file format,,
Python objects,Safely evaluate Python expressions,Python files,,
Python objects,Provide advanced functionalities to Python developers,Python files,,
Audio data,"Record, play, and convert audio data",".wav, .flac, .ogg",,
Country names and codes,Translate country names and codes,Not applicable,,
C code,Parse C code and manipulate C syntax trees,".c, .h",,
Encrypted data,Encrypt and decrypt data,Any,,
Python data classes,Validate data and generate data classes,Not applicable,,
Graphs,Generate and manipulate graph visualizations,".dot, .png, .jpeg, .svg, .pdf",,
Audio data,Manipulate and convert audio data,".wav, .mp3, .flac, .ogg",,
PDF files,Generate PDF files,.pdf,,
Source code,Highlight source code for various languages,Any,,
GTK objects,Create GTK applications,Not applicable,,
Graphs,Generate and manipulate graph visualizations,".dot, .png, .jpeg, .svg, .pdf",,
Log data,Log data,.log,,
Dates in the Hebrew calendar,Convert dates between the Gregorian and Hebrew calendars,Not applicable,,
Statistical models,Perform Bayesian modeling and probabilistic machine learning,Not applicable,,
PDF files,"Read, write, and manipulate PDF files",.pdf,,
Encrypted data,Encrypt and decrypt data,Any,,
Markdown and other document formats,Convert documents between different formats,".md, .rst, .html, .latex, .pdf",,
Textual data,Build parsers and interpreters,Not applicable,,
PDF files,"Read, write, and manipulate PDF files",.pdf,,
Textual data,Hyphenate words,Not applicable,,
Geospatial data,Convert geospatial coordinates,".shp, .kml, .geojson",,
Mathematical proofs,Construct and verify mathematical proofs,Not applicable,,
Geospatial data,"Read, write, and manipulate shapefiles",".shp, .shx, .dbf",,
Astronomical data,Calculate the positions of celestial bodies,Not applicable,,
Image data,Recognize text in images,".png, .jpeg, .tiff, .bmp, .gif, and more",,
Test cases,Write and run tests,.py,,
Python 3 code,Convert Python 2 code to Python 3,.py,,
Package metadata,Manage Debian packages,.deb,,
Dates and times,Parse and manipulate dates and times,Not applicable,,
Word documents,"Read, write, and manipulate Word documents",.docx,,
Environment variables,Load environment variables from a .env file,.env,,
HTTP multipart/form-data requests,Parse HTTP multipart/form-data requests,Not applicable,,
PowerPoint presentations,"Read, write, and manipulate PowerPoint presentations",.pptx,,
Textual data,Convert text to speech,Not applicable,,
Dates and times,Convert between time zones,Not applicable,,
Numerical data,Perform wavelet transforms,Not applicable,,
Excel files,Read Excel files in the .xlsb format,.xlsb,,
YAML files,Parse YAML files,".yaml, .yml",,
Barcode data,Decode barcodes and QR codes,".png, .jpeg, and more",,
Network data,Send and receive data over ZeroMQ sockets,Not applicable,,
QR codes,Generate QR codes,.png,,
.rar files,Extract files from .rar archives,.rar,,
Geospatial data,"Read, write, and manipulate geospatial data",".tif, .jpg, .png, .hdf, .netcdf, and more",,
RDF data,"Parse, serialize, and manipulate RDF data",".rdf, .xml, .n3, .nt, .trix, .trig, .nquads",,
Bibliographic references,Format bibliographic references,Not applicable,,
Textual data,Match and manipulate text using regular expressions,Not applicable,,
PDF files,Generate PDF files,.pdf,,
HTTP data,Send HTTP requests over Unix domain sockets,Not applicable,,
HTTP data,Send HTTP requests,Not applicable,,
Audio data,Resample audio data,".wav, .flac, .mp3, and more",,
Numerical data,Build and manipulate persistent data structures,Not applicable,,
Image data,Process and analyze image data,".png, .jpeg, .tiff, and more",,
Numerical data,Perform machine learning tasks,Not applicable,,
Numerical data,Perform scientific computing tasks,.mat,,
Numerical data,Generate statistical data visualizations,".png, .jpeg, .tiff, .pdf, and more",,
Version numbers,Compare semantic version numbers,Not applicable,,
File and directory paths,Send files to the Trash or Recycle Bin,Any,,
Textual data,Tokenize text,.spm,,
Python packages,Build and distribute Python packages,Not applicable,,
Numerical data,Explain the output of machine learning models,Not applicable,,